{"((3, 2, 2, 2, 0), 8)": 48.739726688595916, "((3, 1, 3, 2, 1), 8)": 87.93696379988178, "((3, 1, 3, 1, 2), 0)": 0.30913763490866436, "((3, 1, 3, 1, 2), 1)": 0.23518453800395728, "((3, 1, 3, 1, 2), 2)": 0.2794961335052574, "((3, 1, 3, 1, 2), 3)": 0.28651015306122446, "((3, 1, 3, 1, 2), 4)": 0.3203767637243669, "((3, 1, 3, 1, 2), 5)": 0.347170612244898, "((3, 1, 3, 1, 2), 6)": 135.42198847419527, "((3, 1, 3, 1, 2), 7)": 0.4702260099043334, "((3, 1, 4, 0, 2), 0)": 0.3919176140620485, "((3, 1, 4, 0, 2), 1)": 0.08379291454188516, "((3, 1, 4, 0, 2), 2)": 0.12146096443156817, "((3, 1, 4, 0, 2), 3)": 0.15468580215884092, "((3, 1, 4, 0, 2), 4)": 0.43843013504091277, "((3, 1, 4, 0, 2), 5)": 0.08203120193455951, "((3, 1, 4, 0, 2), 6)": 0.1020878682152459, "((3, 1, 4, 0, 2), 7)": 21.466744672390092, "((3, 1, 4, 0, 3), 0)": 0.013628049450549497, "((3, 1, 4, 0, 3), 1)": 0.056172351268552204, "((3, 1, 4, 0, 3), 2)": -0.024916990246426407, "((3, 1, 4, 0, 3), 3)": 0.3017447304741302, "((3, 1, 4, 0, 3), 4)": 0.0, "((3, 1, 4, 0, 3), 5)": 0.0, "((3, 1, 4, 0, 3), 6)": 0.0, "((3, 1, 4, 0, 3), 7)": 0.0, "((3, 1, 4, 0, 3), 8)": 0.4835422224075354, "((3, 1, 4, 0, 4), 0)": -0.09745818435921377, "((3, 1, 4, 0, 4), 1)": -0.16869565924385066, "((3, 1, 4, 0, 4), 2)": -0.2765878135309349, "((3, 1, 4, 0, 4), 3)": 0.3040214666972979, "((3, 1, 4, 0, 4), 4)": 0.4586261976886274, "((3, 1, 4, 0, 4), 5)": 0.0, "((3, 1, 4, 0, 4), 6)": 0.0, "((3, 1, 4, 0, 4), 7)": 0.0, "((3, 1, 4, 0, 4), 8)": 3.5658084140018858, "((3, 2, 4, 0, 4), 8)": -0.7486223691843032, "((3, 2, 4, 0, 5), 8)": -1.1531714392836996, "((3, 2, 4, 1, 5), 8)": 1.5335930584503539, "((3, 3, 3, 1, 6), 0)": -0.269418319267878, "((3, 3, 3, 1, 6), 1)": -0.4406368803089231, "((3, 3, 3, 1, 6), 2)": -0.7454005521670953, "((3, 3, 3, 1, 6), 3)": 0.18076589902553872, "((3, 3, 3, 1, 6), 4)": 0.23069485310717136, "((3, 3, 3, 1, 6), 5)": 0.0, "((3, 3, 3, 1, 6), 6)": 0.0, "((3, 3, 3, 1, 6), 7)": 0.0, "((3, 3, 4, 0, 6), 0)": -0.35675345417654236, "((3, 3, 4, 0, 6), 1)": -0.5503235989010988, "((3, 3, 4, 0, 6), 2)": -0.741039576310532, "((3, 3, 4, 0, 6), 3)": -0.707814738583259, "((3, 3, 4, 0, 6), 4)": -0.6709818021670954, "((3, 3, 4, 0, 6), 5)": -0.5221443021670953, "((3, 3, 4, 0, 6), 6)": 0.0, "((3, 3, 4, 0, 6), 7)": 0.0, "((3, 3, 4, 0, 7), 0)": -0.6376587338097632, "((3, 3, 4, 0, 7), 1)": -0.9254329206034566, "((3, 3, 4, 0, 7), 2)": 0.0, "((3, 3, 4, 0, 7), 3)": 0.0, "((3, 3, 4, 0, 7), 4)": 0.0, "((3, 3, 4, 0, 7), 5)": 0.0, "((3, 3, 4, 0, 7), 6)": 0.0, "((3, 3, 4, 0, 7), 7)": 0.0, "((3, 3, 4, 0, 7), 8)": -2.0744096499656557, "((3, 2, 4, 0, 7), 8)": 1.5420403770655087, "((3, 2, 4, 0, 0), 8)": 1.8463674166921058, "((3, 2, 4, 0, 1), 8)": 0.7349475551070839, "((3, 1, 4, 0, 1), 8)": 20.818812859652713, "((3, 0, 4, 0, 3), 0)": 1.2609281581518497, "((3, 0, 4, 0, 3), 1)": -0.06177060073066816, "((3, 0, 4, 0, 3), 2)": 0.47543069835626056, "((3, 0, 4, 0, 3), 3)": 0.5694091280753496, "((3, 0, 4, 0, 3), 4)": 0.6144861266201443, "((3, 0, 4, 0, 3), 5)": 213.28656701591683, "((3, 0, 4, 0, 3), 6)": 0.6614158116978832, "((3, 0, 4, 0, 3), 7)": 0.6880255795563541, "((3, 0, 4, 0, 3), 8)": 212.57538290764728, "((3, 0, 4, 0, 4), 0)": 0.5938303473984381, "((3, 0, 4, 0, 4), 1)": -0.3238027196256152, "((3, 0, 4, 0, 4), 2)": 0.06634771599127667, "((3, 0, 4, 0, 4), 3)": 0.43561966814309444, "((3, 0, 4, 0, 4), 4)": 0.5147047595982418, "((3, 0, 4, 0, 4), 5)": 0.6004015304974243, "((3, 0, 4, 0, 4), 6)": 0.46916239506434937, "((3, 0, 4, 0, 4), 7)": 0.0, "((3, 0, 4, 0, 4), 8)": 2.9806457237968753, "((3, 1, 4, 0, 5), 8)": 3.494820271791207, "((3, 1, 4, 1, 5), 8)": 1.4085534205655872, "((3, 2, 3, 1, 6), 0)": 0.4407313545274857, "((3, 2, 3, 1, 6), 1)": -0.6091827770363533, "((3, 2, 3, 1, 6), 2)": 0.3034824511528203, "((3, 2, 3, 1, 6), 3)": 0.21927240476064844, "((3, 2, 3, 1, 6), 4)": 0.1594297543508493, "((3, 2, 3, 1, 6), 5)": 0.3287765572222502, "((3, 2, 3, 1, 6), 6)": 0.5132359480876867, "((3, 2, 3, 1, 6), 7)": 24.414026077263465, "((3, 2, 4, 0, 6), 0)": 0.3704934759841468, "((3, 2, 4, 0, 6), 1)": 0.20898202664925827, "((3, 2, 4, 0, 6), 2)": -0.9044209532809706, "((3, 2, 4, 0, 6), 3)": -0.8828918160915157, "((3, 2, 4, 0, 6), 4)": 0.3793879744505174, "((3, 2, 4, 0, 6), 5)": 0.7976695284086719, "((3, 2, 4, 0, 6), 6)": 0.8311761623546001, "((3, 2, 4, 0, 6), 7)": 0.925919818737927, "((3, 2, 4, 0, 7), 0)": 0.11984309430661372, "((3, 2, 4, 0, 7), 1)": -1.0641077028941013, "((3, 2, 4, 0, 7), 2)": 0.0, "((3, 2, 4, 0, 7), 3)": 0.0, "((3, 2, 4, 0, 7), 4)": 0.0, "((3, 2, 4, 0, 7), 5)": 0.0, "((3, 2, 4, 0, 7), 6)": 0.0, "((3, 2, 4, 0, 7), 7)": 0.0, "((3, 1, 4, 0, 7), 8)": 11.923953956327965, "((3, 1, 4, 0, 0), 8)": 9.185653392242331, "((3, 0, 4, 0, 1), 8)": 205.51640746484048, "((3, 0, 4, 0, 2), 0)": 211.22838904921394, "((3, 0, 4, 0, 2), 1)": 0.3474862350103044, "((3, 0, 4, 0, 2), 2)": 0.10248920402124309, "((3, 0, 4, 0, 2), 3)": 0.1776240889592018, "((3, 0, 4, 0, 2), 4)": 0.15352961225689893, "((3, 0, 4, 0, 2), 5)": 0.1825389859826379, "((3, 0, 4, 0, 2), 6)": 0.2338233072523689, "((3, 0, 4, 0, 2), 7)": 0.2006447670073256, "((3, 0, 3, 1, 3), 0)": 0.7587656247711497, "((3, 0, 3, 1, 3), 1)": 0.0, "((3, 0, 3, 1, 3), 2)": 0.0, "((3, 0, 3, 1, 3), 3)": 0.0, "((3, 0, 3, 1, 3), 4)": 0.0, "((3, 0, 3, 1, 3), 5)": 0.0, "((3, 0, 3, 1, 3), 6)": 0.0, "((3, 0, 3, 1, 3), 7)": 0.0, "((3, 1, 4, 1, 4), 0)": 0.6061985084161594, "((3, 1, 4, 1, 4), 1)": 0.45987144962654125, "((3, 1, 4, 1, 4), 2)": 0.0, "((3, 1, 4, 1, 4), 3)": 0.0, "((3, 1, 4, 1, 4), 4)": 0.0, "((3, 1, 4, 1, 4), 5)": 0.0, "((3, 1, 4, 1, 4), 6)": 0.0, "((3, 1, 4, 1, 4), 7)": 0.0, "((3, 2, 3, 1, 7), 0)": 0.3748727475354724, "((3, 2, 3, 1, 7), 1)": 0.13050287236185873, "((3, 2, 3, 1, 7), 2)": 0.0, "((3, 2, 3, 1, 7), 3)": 0.0, "((3, 2, 3, 1, 7), 4)": 0.0, "((3, 2, 3, 1, 7), 5)": 0.0, "((3, 2, 3, 1, 7), 6)": 0.0, "((3, 2, 3, 1, 7), 7)": 0.0, "((3, 1, 3, 1, 6), 0)": -0.11126719205744875, "((3, 1, 3, 1, 6), 1)": 0.12345309142867036, "((3, 1, 3, 1, 6), 2)": 0.09281517542522665, "((3, 1, 3, 1, 6), 3)": 0.25593739672312205, "((3, 1, 3, 1, 6), 4)": 0.21125835384973551, "((3, 1, 3, 1, 6), 5)": 0.24720872777388514, "((3, 1, 3, 1, 6), 6)": 0.49235029951154463, "((3, 1, 3, 1, 6), 7)": 0.0, "((3, 1, 4, 0, 6), 0)": -0.19848553766391866, "((3, 1, 4, 0, 6), 1)": -0.39178792226887604, "((3, 1, 4, 0, 6), 2)": -0.17626391240448436, "((3, 1, 4, 0, 6), 3)": 0.29248512080689126, "((3, 1, 4, 0, 6), 4)": 0.3280158010429616, "((3, 1, 4, 0, 6), 5)": 3.5782619827794284, "((3, 1, 4, 0, 6), 6)": 0.19097911219002395, "((3, 1, 4, 0, 6), 7)": 0.33187450427223353, "((3, 1, 4, 0, 7), 0)": -0.4448423007204547, "((3, 1, 4, 0, 7), 1)": -0.34490925091319563, "((3, 1, 4, 0, 7), 2)": 0.07014642720365137, "((3, 1, 4, 0, 7), 3)": 0.6593289048606435, "((3, 1, 4, 0, 7), 4)": 0.5823997841054245, "((3, 1, 4, 0, 7), 5)": 0.8144033035466625, "((3, 1, 4, 0, 7), 6)": 0.836014036344762, "((3, 1, 4, 0, 7), 7)": 11.555439824913488, "((3, 0, 4, 0, 0), 8)": 208.8988463836834, "((3, 0, 4, 1, 4), 8)": 209.51365310491533, "((3, 0, 3, 1, 4), 8)": 2.968028047257972, "((3, 1, 3, 1, 5), 8)": 184.66828956894793, "((3, 1, 3, 2, 5), 8)": 215.84576860938364, "((3, 1, 2, 2, 6), 0)": 0.28438467258516403, "((3, 1, 2, 2, 6), 1)": 0.25860867360987344, "((3, 1, 2, 2, 6), 2)": 0.2516281987331695, "((3, 1, 2, 2, 6), 3)": -0.09806331327244672, "((3, 1, 2, 2, 6), 4)": 0.5472917015487678, "((3, 1, 2, 2, 6), 5)": 0.5372270392773143, "((3, 1, 2, 2, 6), 6)": -0.015469479044532532, "((3, 1, 2, 2, 6), 7)": 0.0, "((3, 0, 4, 1, 4), 0)": 0.35867376447898086, "((3, 0, 4, 1, 4), 1)": 0.0, "((3, 0, 4, 1, 4), 2)": 0.0, "((3, 0, 4, 1, 4), 3)": 0.0, "((3, 0, 4, 1, 4), 4)": 0.0, "((3, 0, 4, 1, 4), 5)": 0.0, "((3, 0, 4, 1, 4), 6)": 0.0, "((3, 0, 4, 1, 4), 7)": 0.0, "((3, 2, 3, 2, 6), 0)": 0.30439175567040977, "((3, 2, 3, 2, 6), 1)": 0.16750104860539694, "((3, 2, 3, 2, 6), 2)": 0.20678967031338016, "((3, 2, 3, 2, 6), 3)": -0.13532796360224297, "((3, 2, 3, 2, 6), 4)": -0.13849557530411818, "((3, 2, 3, 2, 6), 5)": -0.11689322971435752,